{"mean":{"confidence_interval":{"confidence_level":0.95,"lower_bound":-0.10883105924501531,"upper_bound":-0.046135445822272476},"point_estimate":-0.0773069611942544,"standard_error":0.01621955276691479},"median":{"confidence_interval":{"confidence_level":0.95,"lower_bound":-0.14727669498369445,"upper_bound":-0.083187479505068},"point_estimate":-0.11792850489711348,"standard_error":0.01654736519802137}}