{"mean":{"confidence_interval":{"confidence_level":0.95,"lower_bound":0.07919680974243849,"upper_bound":0.3058986857300165},"point_estimate":0.19245034981598952,"standard_error":0.05804902869678832},"median":{"confidence_interval":{"confidence_level":0.95,"lower_bound":0.019723482229568434,"upper_bound":0.2121092600150676},"point_estimate":0.12963467862383204,"standard_error":0.050894900423537795}}