{"mean":{"confidence_interval":{"confidence_level":0.95,"lower_bound":601.5619767633941,"upper_bound":686.8416355835728},"point_estimate":643.0143272534767,"standard_error":21.725121806772297},"median":{"confidence_interval":{"confidence_level":0.95,"lower_bound":525.7999228742772,"upper_bound":596.8274697328031},"point_estimate":568.3119368020583,"standard_error":18.753232555313154},"median_abs_dev":{"confidence_interval":{"confidence_level":0.95,"lower_bound":118.67324949601223,"upper_bound":188.36016190856623},"point_estimate":150.97758028360693,"standard_error":17.104114152764076},"slope":{"confidence_interval":{"confidence_level":0.95,"lower_bound":592.0875676963393,"upper_bound":694.3763398459137},"point_estimate":641.205488999397,"standard_error":26.08354455842819},"std_dev":{"confidence_interval":{"confidence_level":0.95,"lower_bound":223.83813910377728,"upper_bound":302.0366905359447},"point_estimate":266.34420264050533,"standard_error":19.881027189224916}}