{"mean":{"confidence_interval":{"confidence_level":0.95,"lower_bound":6100.482063055825,"upper_bound":6137.509950535182},"point_estimate":6118.8322443884745,"standard_error":9.41947403441722},"median":{"confidence_interval":{"confidence_level":0.95,"lower_bound":6109.296923076923,"upper_bound":6137.988816510318},"point_estimate":6123.83133132502,"standard_error":7.469347429496912},"median_abs_dev":{"confidence_interval":{"confidence_level":0.95,"lower_bound":56.14152484320584,"upper_bound":90.75183722349819},"point_estimate":77.32530417405322,"standard_error":8.89005019696013},"slope":{"confidence_interval":{"confidence_level":0.95,"lower_bound":6136.7481826043995,"upper_bound":6191.394505593413},"point_estimate":6160.727025307728,"standard_error":14.113668424891738},"std_dev":{"confidence_interval":{"confidence_level":0.95,"lower_bound":90.45670625386826,"upper_bound":142.39555942305716},"point_estimate":115.83428935727743,"standard_error":13.394730039898516}}