{"mean":{"confidence_interval":{"confidence_level":0.95,"lower_bound":-0.02177873145689712,"upper_bound":0.08503266983761497},"point_estimate":0.03132560324584288,"standard_error":0.027176784497503423},"median":{"confidence_interval":{"confidence_level":0.95,"lower_bound":-0.05644138022832457,"upper_bound":0.1263450843390348},"point_estimate":0.04690143536896563,"standard_error":0.04625563055669722}}