{"mean":{"confidence_interval":{"confidence_level":0.95,"lower_bound":821.5423712141838,"upper_bound":873.4044095684638},"point_estimate":846.4309547472512,"standard_error":13.222799870421492},"median":{"confidence_interval":{"confidence_level":0.95,"lower_bound":779.3103587808951,"upper_bound":817.5768497351851},"point_estimate":797.8893944424385,"standard_error":10.100584363545657},"median_abs_dev":{"confidence_interval":{"confidence_level":0.95,"lower_bound":64.88059404357834,"upper_bound":105.23605205934498},"point_estimate":87.38225342296442,"standard_error":10.379816572869126},"slope":{"confidence_interval":{"confidence_level":0.95,"lower_bound":798.3993638295004,"upper_bound":829.2527912081488},"point_estimate":813.1964423904543,"standard_error":7.88180515805043},"std_dev":{"confidence_interval":{"confidence_level":0.95,"lower_bound":128.55549138843736,"upper_bound":195.2363028321504},"point_estimate":162.26778118744963,"standard_error":17.11908651440216}}