{"mean":{"confidence_interval":{"confidence_level":0.95,"lower_bound":1013.9664276968562,"upper_bound":1095.9608059039526},"point_estimate":1054.440248181107,"standard_error":20.88179979107996},"median":{"confidence_interval":{"confidence_level":0.95,"lower_bound":962.0316048233263,"upper_bound":1125.551696451947},"point_estimate":1051.2691963528218,"standard_error":42.46844785948775},"median_abs_dev":{"confidence_interval":{"confidence_level":0.95,"lower_bound":254.53801756785268,"upper_bound":347.6416221825613},"point_estimate":314.65106548668416,"standard_error":23.649501736026917},"slope":{"confidence_interval":{"confidence_level":0.95,"lower_bound":1092.66579589302,"upper_bound":1182.247226384208},"point_estimate":1138.4773000016773,"standard_error":22.911406956586713},"std_dev":{"confidence_interval":{"confidence_level":0.95,"lower_bound":227.86306011164118,"upper_bound":287.4134053959207},"point_estimate":257.3906648391012,"standard_error":15.312316124773572}}