{"mean":{"confidence_interval":{"confidence_level":0.95,"lower_bound":-0.4421009613913846,"upper_bound":-0.40277918043006944},"point_estimate":-0.42287463027172734,"standard_error":0.009931486424862761},"median":{"confidence_interval":{"confidence_level":0.95,"lower_bound":-0.4610731954362922,"upper_bound":-0.41239287586375656},"point_estimate":-0.43561370015797785,"standard_error":0.013198437834564066}}