{"mean":{"confidence_interval":{"confidence_level":0.95,"lower_bound":0.09080179836824473,"upper_bound":0.1814052646052438},"point_estimate":0.13550021616348085,"standard_error":0.022962068218280084},"median":{"confidence_interval":{"confidence_level":0.95,"lower_bound":0.0449220803655519,"upper_bound":0.15825602437926634},"point_estimate":0.11727794494226385,"standard_error":0.02860251998938248}}