{"mean":{"confidence_interval":{"confidence_level":0.95,"lower_bound":257.22839636690236,"upper_bound":258.20163037370145},"point_estimate":257.6808720733901,"standard_error":0.2486032908884611},"median":{"confidence_interval":{"confidence_level":0.95,"lower_bound":256.7465906770811,"upper_bound":257.6650835994644},"point_estimate":257.31973270911504,"standard_error":0.21575155139733632},"median_abs_dev":{"confidence_interval":{"confidence_level":0.95,"lower_bound":1.502361318981373,"upper_bound":2.3054095690103904},"point_estimate":1.8575240710516603,"standard_error":0.20220206990777384},"slope":{"confidence_interval":{"confidence_level":0.95,"lower_bound":257.2562122472846,"upper_bound":258.59442486535306},"point_estimate":257.8427147460445,"standard_error":0.3438451512769013},"std_dev":{"confidence_interval":{"confidence_level":0.95,"lower_bound":1.9061842533183126,"upper_bound":4.151865565120138},"point_estimate":3.0497354042502622,"standard_error":0.5974394019037996}}