{"mean":{"confidence_interval":{"confidence_level":0.95,"lower_bound":-0.06983202629038528,"upper_bound":0.03983169630976159},"point_estimate":-0.014399207788670765,"standard_error":0.028043087360471477},"median":{"confidence_interval":{"confidence_level":0.95,"lower_bound":-0.0871869049928734,"upper_bound":0.06579221364332088},"point_estimate":-0.022505585917113602,"standard_error":0.03842867261176507}}