{"mean":{"confidence_interval":{"confidence_level":0.95,"lower_bound":-0.005323357631548882,"upper_bound":0.095520222480447},"point_estimate":0.044218635675010054,"standard_error":0.02569858206836545},"median":{"confidence_interval":{"confidence_level":0.95,"lower_bound":-0.020486482007326945,"upper_bound":0.08458737430612873},"point_estimate":0.027492767512735883,"standard_error":0.027436993311443822}}