{"mean":{"confidence_interval":{"confidence_level":0.95,"lower_bound":-0.3329995743291911,"upper_bound":-0.30154975789652977},"point_estimate":-0.31761778815569064,"standard_error":0.00792969889583611},"median":{"confidence_interval":{"confidence_level":0.95,"lower_bound":-0.3345853832718559,"upper_bound":-0.28820567192865215},"point_estimate":-0.3093624862020833,"standard_error":0.011761101933026933}}