{"mean":{"confidence_interval":{"confidence_level":0.95,"lower_bound":81023000.6875,"upper_bound":103541435.1875},"point_estimate":91457127.5,"standard_error":5781001.920625326},"median":{"confidence_interval":{"confidence_level":0.95,"lower_bound":74887437.5,"upper_bound":87255125.0},"point_estimate":80266175.0,"standard_error":4270566.5206125025},"median_abs_dev":{"confidence_interval":{"confidence_level":0.95,"lower_bound":3804425.662457943,"upper_bound":24647316.46992266},"point_estimate":9589067.447260022,"standard_error":5483340.7776933545},"slope":null,"std_dev":{"confidence_interval":{"confidence_level":0.95,"lower_bound":14090293.6636353,"upper_bound":33716008.63221471},"point_estimate":26494006.717222482,"standard_error":4999408.446417259}}