{"mean":{"confidence_interval":{"confidence_level":0.95,"lower_bound":78832153.375,"upper_bound":84379180.34375},"point_estimate":81550448.75,"standard_error":1421227.1568571047},"median":{"confidence_interval":{"confidence_level":0.95,"lower_bound":76858975.0,"upper_bound":83918037.5},"point_estimate":80834500.0,"standard_error":1962851.8601886525},"median_abs_dev":{"confidence_interval":{"confidence_level":0.95,"lower_bound":3159457.608908415,"upper_bound":10643696.406036615},"point_estimate":6425050.843432546,"standard_error":2017763.7483188158},"slope":null,"std_dev":{"confidence_interval":{"confidence_level":0.95,"lower_bound":4540160.056778624,"upper_bound":7802106.45820793},"point_estimate":6518585.873583415,"standard_error":830291.7610321674}}