{"mean":{"confidence_interval":{"confidence_level":0.95,"lower_bound":94359441.0,"upper_bound":109043512.41666666},"point_estimate":101691853.33333333,"standard_error":3754850.7665842203},"median":{"confidence_interval":{"confidence_level":0.95,"lower_bound":90935066.66666667,"upper_bound":112132250.0},"point_estimate":100924033.33333334,"standard_error":4765681.426276481},"median_abs_dev":{"confidence_interval":{"confidence_level":0.95,"lower_bound":8134260.045588009,"upper_bound":25769020.722508416},"point_estimate":22003562.729358684,"standard_error":4740193.004593711},"slope":null,"std_dev":{"confidence_interval":{"confidence_level":0.95,"lower_bound":12057732.599168587,"upper_bound":21102425.88770545},"point_estimate":17235737.012478508,"standard_error":2319152.9215108287}}