{"mean":{"confidence_interval":{"confidence_level":0.95,"lower_bound":79332755.53125,"upper_bound":89559913.625},"point_estimate":84124500.0,"standard_error":2604522.7449659165},"median":{"confidence_interval":{"confidence_level":0.95,"lower_bound":76516962.5,"upper_bound":88535712.5},"point_estimate":84562825.0,"standard_error":3144086.8448660704},"median_abs_dev":{"confidence_interval":{"confidence_level":0.95,"lower_bound":4495020.73019743,"upper_bound":15580420.733392239},"point_estimate":9808584.905862808,"standard_error":2886401.642370255},"slope":null,"std_dev":{"confidence_interval":{"confidence_level":0.95,"lower_bound":7020251.206381501,"upper_bound":16605775.526035456},"point_estimate":11946635.372803662,"standard_error":2682000.9843345177}}