{"mean":{"confidence_interval":{"confidence_level":0.95,"lower_bound":-0.45738936416261977,"upper_bound":-0.3268981427168672},"point_estimate":-0.39593268159352424,"standard_error":0.033208723347888276},"median":{"confidence_interval":{"confidence_level":0.95,"lower_bound":-0.5089920527874842,"upper_bound":-0.33873533890777563},"point_estimate":-0.4379619719970368,"standard_error":0.04389878834518865}}