{"mean":{"confidence_interval":{"confidence_level":0.95,"lower_bound":337.0859427576155,"upper_bound":359.73319056709374},"point_estimate":348.1486221933639,"standard_error":5.7935918712703405},"median":{"confidence_interval":{"confidence_level":0.95,"lower_bound":325.29026900330626,"upper_bound":348.9278850616858},"point_estimate":338.6145728283713,"standard_error":5.738511663417537},"median_abs_dev":{"confidence_interval":{"confidence_level":0.95,"lower_bound":54.21492288987626,"upper_bound":79.4055114993646},"point_estimate":65.6350683277828,"standard_error":5.9883300564578},"slope":{"confidence_interval":{"confidence_level":0.95,"lower_bound":343.94844151027644,"upper_bound":373.52185489551624},"point_estimate":358.46668169999447,"standard_error":7.545537047766811},"std_dev":{"confidence_interval":{"confidence_level":0.95,"lower_bound":60.85503848755256,"upper_bound":80.54533788546975},"point_estimate":71.25842344544965,"standard_error":5.01686767526017}}