{"mean":{"confidence_interval":{"confidence_level":0.95,"lower_bound":0.11534704695729933,"upper_bound":0.3069405282259447},"point_estimate":0.20885937928729925,"standard_error":0.04874424654954568},"median":{"confidence_interval":{"confidence_level":0.95,"lower_bound":-0.017937163983117108,"upper_bound":0.14458627765415843},"point_estimate":0.08038207236684558,"standard_error":0.041544856491702496}}