{"mean":{"confidence_interval":{"confidence_level":0.95,"lower_bound":-0.019222124776189956,"upper_bound":0.0037206177850881905},"point_estimate":-0.007987675056426613,"standard_error":0.005836286422522028},"median":{"confidence_interval":{"confidence_level":0.95,"lower_bound":-0.02435597936186429,"upper_bound":0.0018123320992977643},"point_estimate":-0.011346649287040433,"standard_error":0.006730393709861763}}